date_debut;date_fin;intitule;salle;professeur;groupe
03/01/2023 | 12:30:00;10/30/:202 | T1:53:00;Controle Introduction Generale au Droit;Amphitheatre;prof;groupe;
07/09/2022 | 09:00:00;90/20/:202 | T1:01:50;CM R. Outils statistiques de pilotage d'un process;A101;prof;groupe;
04/01/2023 | 12:30:00;10/30/:202 | T1:43:00;TP R. Outils\, methodes et communication pour la qualite;A105;prof;groupe;
16/11/2022 | 08:45:00;11/21/:202 | T1:01:50;TD S. Mettre en oeuvre une organisation comptable et fiscale;A302;prof;groupe;
10/01/2023 | 07:00:00;11/30/:202 | T0:90:00;MAT Traitement de l'information;None;prof;groupe;
09/11/2022 | 12:00:00;10/21/:202 | T1:33:00;CM R. Droit fiscal 1;B500;prof;groupe;
16/11/2022 | 15:00:00;11/21/:202 | T1:60:00;TP S. Portfolio 1;None;prof;groupe;
23/11/2022 | 09:45:00;12/21/:202 | T1:10:00;PROJET Developpement d'une application;A205;prof;groupe;
05/10/2022 | 06:00:00;00/21/:202 | T0:73:00;TP R. Finance;B503;prof;groupe;
13/01/2023 | 14:30:00;11/30/:202 | T1:60:00;MAT R. Comptabilite generale 2;B506;prof;groupe;
03/01/2023 | 07:00:00;10/30/:202 | T0:90:00;TP R. Outils\, methodes et communication pour la qualite;A105;prof;groupe;
12/09/2022 | 11:30:00;91/20/:202 | T1:24:50;TP R. Outils numeriques;A102;prof;groupe;
20/10/2022 | 11:15:00;02/21/:202 | T1:23:00;PROJET Installation d'un poste pour le developpement;A500;prof;groupe;
14/09/2022 | 06:30:00;91/20/:202 | T0:80:00;MAT Gestion de projet;A103;prof;groupe;
15/09/2022 | 14:45:00;91/20/:202 | T1:61:50;MAT Mediaplanning;A202;prof;groupe;
28/09/2022 | 06:30:00;92/20/:202 | T0:80:00;MAT Systeme d'information logistique;A103;prof;groupe;
02/02/2023 | 07:00:00;20/30/:202 | T0:83:00;MAT R. Procedure penale;B302 grande salle;prof;groupe;
03/10/2022 | 15:00:00;00/21/:202 | T1:61:50;TP R. Initiation au developpement;A201;prof;groupe;
17/10/2022 | 15:00:00;01/21/:202 | T1:63:00;PROJET Portfolio 1;None;prof;groupe;
03/12/2022 | 11:00:00;20/21/:202 | T1:20:00;PROJET Formulation d'un conseil juridiques\, comptable\, finan;None;prof;groupe;
21/11/2022 | 11:00:00;12/21/:202 | T1:13:00;Tiers-temps : CC Droit social;B400;prof;groupe;
15/09/2022 | 09:00:00;91/20/:202 | T1:10:00;TD S. Assistance prise decision;B401;prof;groupe;
06/10/2022 | 11:00:00;00/21/:202 | T1:23:00;PROJET Situer une organisation dans son environnement;None;prof;groupe;
25/01/2023 | 09:45:00;12/30/:202 | T1:14:50;MAT R. Outils numeriques et de communication 2;None;prof;groupe;
16/12/2022 | 07:00:00;21/21/:202 | T0:83:00;PROJET Mettre en oeuvre une organisation comptable et fiscale;None;prof;groupe;
08/09/2022 | 06:00:00;90/20/:202 | T0:73:00;TD R. Anglais applique aux affaires 1;B501 Labo 1;prof;groupe;
25/11/2022 | 09:30:00;12/21/:202 | T1:13:00;PROJET Concevoir et organiser un evenement;None;prof;groupe;
06/12/2022 | 09:30:00;20/21/:202 | T1:04:50;TP R. Introduction aux bases de donnees et SQL;A304;prof;groupe;
13/09/2022 | 07:45:00;91/20/:202 | T0:94:50;MAT Comptabilite approfondie;B400;prof;groupe;
02/02/2023 | 07:00:00;20/30/:202 | T0:83:00;CM S. Mise en conformite d'une organisation dans son environ;B500;prof;groupe;
06/09/2022 | 06:00:00;90/20/:202 | T0:73:00;MAT R. Gestion de la paie;A200;prof;groupe;
04/01/2023 | 07:00:00;10/30/:202 | T0:90:00;TP R. Ordonnancement\, lancement et pilotage;A102;prof;groupe;
26/11/2022 | 11:00:00;12/21/:202 | T1:20:00;PROJET Securisation des activites d'une organisation;None;prof;groupe;
25/01/2023 | 12:30:00;12/30/:202 | T1:34:50;TD R. Prevision et planification de la distribution;A103;prof;groupe;
18/10/2022 | 13:45:00;01/21/:202 | T1:50:00;TP R. Introduction a l'architecture des ordinateurs;A303;prof;groupe;
06/12/2022 | 07:00:00;20/21/:202 | T1:10:00;PROJET Immersion - Organisation;None;prof;groupe;
09/01/2023 | 09:15:00;10/30/:202 | T1:11:50;MAT S. Organisation d'une situation de production;A104;prof;groupe;
16/01/2023 | 10:00:00;11/30/:202 | T1:11:50;CM R. Organisation des donnees techniques et economiques;A100;prof;groupe;
07/10/2022 | 10:45:00;00/21/:202 | T1:14:50;CM R. Outils mathematiques de gestion 1;AmphitheÃ¢tre;prof;groupe;
10/11/2022 | 09:30:00;11/21/:202 | T1:04:50;TP R. Introduction aux systemes d'exploitation et a leur fon;A304;prof;groupe;
14/12/2022 | 10:30:00;21/21/:202 | T1:13:00;TD S. Contribution aux activites de pilotage et de conseil;B401;prof;groupe;
09/09/2022 | 10:45:00;90/20/:202 | T1:14:50;MAT R. Institutions publiques 1;B500;prof;groupe;
12/09/2022 | 06:00:00;91/20/:202 | T0:71:50;CM R. Organisation du systeme de production;A100;prof;groupe;
27/01/2023 | 09:45:00;12/30/:202 | T1:11:50;UE11 Gestion budget. et prix de cession interne (LCCE11)-TD;B403;prof;groupe;
25/01/2023 | 15:00:00;12/30/:202 | T1:70:00;TD R. Anglais applique aux domaines professionnels LV1 : N2;B501 Labo 1;prof;groupe;
24/10/2022 | 15:30:00;02/21/:202 | T1:60:00;Suivi recherche du stage;B301 grande salle;prof;groupe;
09/11/2022 | 12:00:00;10/21/:202 | T1:31:50;TP R. Initiation au developpement;A300;prof;groupe;
23/09/2022 | 08:15:00;92/20/:202 | T1:01:50;TD R. Marketing / Webmarketing;C303;prof;groupe;
17/01/2023 | 10:00:00;11/30/:202 | T1:11:50;CM R. Organisation d'un poste et d'un atelier;A100;prof;groupe;
17/10/2022 | 11:45:00;01/21/:202 | T1:31:50;UE01 Evaluation et rattachement a l'exercice (LCCE07) - CM;B400;prof;groupe;
24/10/2022 | 07:00:00;02/21/:202 | T0:83:00;MAT Strategie de communication interne;A400 Learning lab;prof;groupe;
16/11/2022 | 07:15:00;11/21/:202 | T0:91:50;MAT R. Outils numeriques et de communication 1;A201;prof;groupe;
28/10/2022 | 09:00:00;02/21/:202 | T1:01:50;TP R. Projet Personnel et Professionnel 1;A307;prof;groupe;
02/12/2022 | 12:30:00;20/21/:202 | T1:43:00;TD R. Management d'activites : Management operationnel;A100;prof;groupe;
13/10/2022 | 07:45:00;01/21/:202 | T0:91:50;TD R. Environnement economique 1;B505;prof;groupe;
19/09/2022 | 14:00:00;91/20/:202 | T1:53:00;TD R. Management d'activites 1;B402;prof;groupe;
15/12/2022 | 07:00:00;21/21/:202 | T0:90:00;PROJET Concevoir un dispositif de communication hybridant;A400 Learning lab\,C200 Salle Infocom;prof;groupe;
12/12/2022 | 07:00:00;21/21/:202 | T0:83:00;MAT R. Comptabilite generale 1;B507;prof;groupe;
18/10/2022 | 11:45:00;01/21/:202 | T1:31:50;MAT R. Droit de l'environnement;B302 grande salle;prof;groupe;
14/11/2022 | 08:00:00;11/21/:202 | T1:00:00;TD R. Introduction generale au droit;B507;prof;groupe;
27/10/2022 | 07:00:00;02/21/:202 | T1:03:00;TP R. Aide aux apprentissages 1;None;prof;groupe;
20/09/2022 | 13:30:00;92/20/:202 | T1:50:00;MAT R. Projet Personnel et Professionnel 1;A203;prof;groupe;
24/01/2023 | 09:00:00;12/30/:202 | T1:10:00;MAT R. Droit de l'urbanisme 2.0;B506;prof;groupe;
02/12/2022 | 12:45:00;20/21/:202 | T1:41:50;TD R. Fiscalite : Imposition du resultat des entreprises rel;B505;prof;groupe;
08/09/2022 | 06:00:00;90/20/:202 | T0:70:00;CM R. Management des systemes d'information;B302 grande salle;prof;groupe;
13/09/2022 | 13:30:00;91/20/:202 | T1:44:50;TD R. Introduction a l'architecture des ordinateurs;A303;prof;groupe;
14/10/2022 | 06:30:00;01/21/:202 | T0:80:00;MAT Controle de gestion;B404;prof;groupe;
08/11/2022 | 12:15:00;10/21/:202 | T1:34:50;MAT R. Droit des biens publics;B500;prof;groupe;
17/09/2022 | 11:00:00;91/20/:202 | T1:30:00;PROJET Assistance a la prise de decision relative a la preve;None;prof;groupe;
20/09/2022 | 09:00:00;92/20/:202 | T1:03:00;TP R. Expression/Communication et culture generale 1;A203;prof;groupe;
08/11/2022 | 16:30:00;10/21/:202 | T1:73:00;PROJET Fonctions et activites juridiques\, comptables\, financ;None;prof;groupe;
17/10/2022 | 07:45:00;01/21/:202 | T0:91:50;MAT R. Projet Personnel et Professionnel 1;C302 (salle en U);prof;groupe;
13/01/2023 | 09:15:00;11/30/:202 | T1:11:50;MAT R. Enjeux economiques et sociaux;B506;prof;groupe;
16/11/2022 | 14:00:00;11/21/:202 | T1:50:00;TP S. Portfolio 1;None;prof;groupe;
14/10/2022 | 08:15:00;01/21/:202 | T0:94:50;UE13 Analyse comptable et financiere du client professionnel;B504;prof;groupe;
09/11/2022 | 07:00:00;10/21/:202 | T0:83:00;TP R. Comptabilite 1 : Techniques de base de comptabilite;B504;prof;groupe;
12/10/2022 | 13:45:00;01/21/:202 | T1:54:50;TP R. Expression et communication 1;B507;prof;groupe;
16/11/2022 | 12:45:00;11/21/:202 | T1:41:50;UE02 Analyse de la performance (LCCE08) - CM;B400;prof;groupe;
13/10/2022 | 09:30:00;01/21/:202 | T1:10:00;TD R. Management d'activites 1;B505;prof;groupe;
14/09/2022 | 15:00:00;91/20/:202 | T1:61:50;TP R. Initiation au developpement;A300;prof;groupe;
11/10/2022 | 09:30:00;01/21/:202 | T1:10:00;TD R. Management d'activites : Business Model;B404;prof;groupe;
12/12/2022 | 09:30:00;21/21/:202 | T1:10:00;TD R. Fiscalite : Imposition du resultat des entreprises rel;B403;prof;groupe;
19/10/2022 | 07:45:00;01/21/:202 | T0:91:50;TP R. Finance;A204;prof;groupe;
25/11/2022 | 08:45:00;12/21/:202 | T1:01:50;PROJET Mettre en oeuvre une organisation comptable et fiscale;None;prof;groupe;
26/10/2022 | 13:45:00;02/21/:202 | T1:50:00;TP Developpement web;A300;prof;groupe;
02/02/2023 | 14:45:00;20/30/:202 | T1:64:50;MAT MultimediaÂ : integration du son\, de l'image\, de la video;A201;prof;groupe;
30/09/2022 | 07:45:00;93/20/:202 | T0:91:50;TD R. Environnement economique 1;B503;prof;groupe;
15/12/2022 | 09:15:00;21/21/:202 | T1:04:50;TD R. Environnement juridique 1;B402;prof;groupe;
06/01/2023 | 08:45:00;10/30/:202 | T1:01:50;MAT R. Projet Personnel et Professionnel 1;A203;prof;groupe;
03/10/2022 | 12:15:00;00/21/:202 | T1:34:50;TP R. Traitement numerique des donnees 1;A200;prof;groupe;
30/11/2022 | 07:00:00;13/21/:202 | T0:83:00;TD R. Expression/communication et culture generale 1;C302 (salle en U);prof;groupe;
13/12/2022 | 09:30:00;21/21/:202 | T1:04:50;PROJET Comparaison d'approches algorithmiques;A303;prof;groupe;
07/11/2022 | 12:15:00;10/21/:202 | T1:33:00;TD S. Developpement d'une application;A304;prof;groupe;
16/01/2023 | 14:45:00;11/30/:202 | T1:64:50;TP S. Projet Supply Chain en tant que technicien 1;A105;prof;groupe;
13/12/2022 | 12:30:00;21/21/:202 | T1:40:00;Debut Evaluation SAE Etudier et comparer des strategies de com;C303;prof;groupe;
24/10/2022 | 11:45:00;02/21/:202 | T1:31:50;TD R. Environnement sociologique;B404;prof;groupe;
25/10/2022 | 08:30:00;02/21/:202 | T0:94:50;TP R. Introduction aux bases de donnees et SQL;A304;prof;groupe;
11/01/2023 | 09:15:00;11/30/:202 | T1:11:50;MAT S. Resolution de problemes;A100;prof;groupe;
12/01/2023 | 12:30:00;11/30/:202 | T1:40:00;MAT Projet personnel et professionnel;A103;prof;groupe;
30/11/2022 | 12:45:00;13/21/:202 | T1:44:50;TP S. Formulation d'un conseil juridique\, comptable\, financi;B502 Labo 2;prof;groupe;
19/09/2022 | 13:15:00;91/20/:202 | T1:44:50;CM R. Droit administratif;B507;prof;groupe;
27/10/2022 | 06:00:00;02/21/:202 | T0:73:00;UE02 Analyse de la performance (LCCE08) - TD;B403;prof;groupe;
16/11/2022 | 08:45:00;11/21/:202 | T1:04:50;PROJET Concevoir et organiser un evenement;None;prof;groupe;
09/12/2022 | 09:15:00;20/21/:202 | T1:11:50;TP R. Expression communication 1;B401;prof;groupe;
26/11/2022 | 08:00:00;12/21/:202 | T0:90:00;PROJET Securisation des activites d'une organisation;None;prof;groupe;
06/10/2022 | 08:30:00;00/21/:202 | T0:94:50;TD R. Management des systemes d'information;A304;prof;groupe;
18/11/2022 | 09:15:00;11/21/:202 | T1:11:50;TD R. Demarches d'amelioration;A104;prof;groupe;
19/10/2022 | 06:30:00;01/21/:202 | T0:83:00;MAT Strategie de communication globale (fondamentaux);C300;prof;groupe;
11/01/2023 | 15:15:00;11/30/:202 | T1:71:50;TD R. Anglais applique aux domaines professionnels LV1 : N2;B502 Labo 2;prof;groupe;
20/01/2023 | 08:00:00;12/30/:202 | T0:93:00;Controle Finance : Diagnostic fiancier;AmphitheÃ¢tre;prof;groupe;
30/09/2022 | 14:15:00;93/20/:202 | T1:54:50;TD R. De la recherche de l'idee a la creation d'activite;C302 (salle en U);prof;groupe;
16/11/2022 | 07:15:00;11/21/:202 | T0:91:50;TD R. Expression et communication 1;B506;prof;groupe;
18/11/2022 | 11:45:00;11/21/:202 | T1:31:50;TP R. Outils mathematiques de gestion 1;B402;prof;groupe;
01/02/2023 | 09:00:00;20/30/:202 | T1:10:00;Projet professionnal individuel & international day;B400;prof;groupe;
30/09/2022 | 06:00:00;93/20/:202 | T0:73:00;PROJET Portfolio 1;None;prof;groupe;
09/11/2022 | 07:00:00;10/21/:202 | T0:83:00;MAT R. Comptabilite generale 1;B505;prof;groupe;
28/10/2022 | 13:15:00;02/21/:202 | T1:44:50;TP R. Anglais applique aux domaines professionnels 1Â : N3;B506;prof;groupe;
12/01/2023 | 08:15:00;11/30/:202 | T0:93:00;TP S. Comparaison d'approches algorithmiques;A304;prof;groupe;
11/10/2022 | 15:15:00;01/21/:202 | T1:64:50;PROJET Portfolio 1;None;prof;groupe;
03/10/2022 | 06:15:00;00/21/:202 | T0:81:50;TD R. Publication assistee par ordinateur (PAO);A202;prof;groupe;
18/10/2022 | 11:15:00;01/21/:202 | T1:24:50;TP R. Anglais applique aux affaires 1;B300 Learning lab;prof;groupe;
06/12/2022 | 08:00:00;20/21/:202 | T0:83:00;Cryptographie et securite;B302 grande salle;prof;groupe;
30/01/2023 | 08:00:00;13/30/:202 | T0:93:00;CM R. Droit des societes;B401;prof;groupe;
28/11/2022 | 07:00:00;12/21/:202 | T0:81:50;PROJET Developpement d'une application;A205;prof;groupe;
29/09/2022 | 06:00:00;92/20/:202 | T0:73:00;PROJET Contribuer au developpement ou a la creation d'une or;None;prof;groupe;
08/11/2022 | 10:00:00;10/21/:202 | T1:11:50;TD R. Identification des flux physiques et d'information;A100;prof;groupe;
22/09/2022 | 08:45:00;92/20/:202 | T1:01:50;UE02 Analyse de la performance (LCCE08) - CM;B400;prof;groupe;
09/01/2023 | 12:00:00;10/30/:202 | T1:33:00;TP R. Outils et pilotage de l'organisation : Financement;B404;prof;groupe;
08/11/2022 | 07:00:00;10/21/:202 | T0:81:50;TD S. Developpement d'une application;A304;prof;groupe;
21/09/2022 | 12:15:00;92/20/:202 | T1:33:00;TP R. Initiation au developpement;A300;prof;groupe;
14/11/2022 | 14:45:00;11/21/:202 | T1:60:00;TD Anglais;B501 Labo 1;prof;groupe;
09/01/2023 | 14:00:00;10/30/:202 | T1:73:00;PROJET Developpement d'une application;B301 grande salle\,A203\,A205;prof;groupe;
17/10/2022 | 12:00:00;01/21/:202 | T1:33:00;CM S. Mettre en oeuvre une organisation comptable et fiscale;AmphitheÃ¢tre;prof;groupe;
17/11/2022 | 14:30:00;11/21/:202 | T1:60:00;MAT Webmarketing;A203;prof;groupe;
08/11/2022 | 12:00:00;10/21/:202 | T1:33:00;UE06 Societes des capitaux (LDRT10) - CM;B400;prof;groupe;
04/10/2022 | 08:30:00;00/21/:202 | T1:00:00;TD R. Environnement sociologique;B403;prof;groupe;
23/01/2023 | 16:15:00;12/30/:202 | T1:73:00;TP R. Developpement pour applications mobiles;A304;prof;groupe;
16/01/2023 | 14:30:00;11/30/:202 | T1:53:00;MAT Conferences - Ateliers professionnels;C300;prof;groupe;
27/01/2023 | 12:30:00;12/30/:202 | T1:43:00;MAT Introduction aux frameworksÂ : JEE\, PHP;A201;prof;groupe;
22/11/2022 | 12:00:00;12/21/:202 | T1:40:00;TP S. Securisation des activites d'une organisation;B500;prof;groupe;
05/12/2022 | 14:00:00;20/21/:202 | T1:50:00;Tiers-temps : CT Comptabilite approfondie;B400;prof;groupe;
08/09/2022 | 11:00:00;90/20/:202 | T1:30:00;MAT Algorithmique et programmation;A201;prof;groupe;
16/12/2022 | 12:30:00;21/21/:202 | T1:63:00;PROJET Immersion - Qualite;None;prof;groupe;
03/10/2022 | 12:45:00;00/21/:202 | T1:40:00;TP R. Communication professionnelle;A303;prof;groupe;
04/01/2023 | 08:45:00;10/30/:202 | T1:01:50;TD R. Traitement numerique des donnees 1;A200;prof;groupe;
24/01/2023 | 08:30:00;12/30/:202 | T0:93:00;TD R. Management avance des systemes d'information;A300;prof;groupe;
03/02/2023 | 08:45:00;20/30/:202 | T1:01:50;TD R. Outils et pilotage de l'organisation : Business plan;